company_name,job_title,role_category,company_sector,city,region,technical_skills_required,employment_type,work_mode,experience_required_years,education_required,English_required_level,Danish_required_level,salary_min_dkk_monthly,salary_max_dkk_monthly,experience_level,soft_skills_required
Digital AI Studio ApS,Junior Data Engineer Intern,Data Engineer,Technology,Odense,Southern Denmark,"SQL Basics, Excel, Git, Python Basics, Data Cleaning, Linux Basics, Bash Scripting, Docker Basics, Data Pipeline Basics, Cloud Basics",Internship,Hybrid,0,Bachelor's Degree,Intermediate,Basic,40000,50000,Entry Level,"Problem Solving, Collaboration, Attention to Detail, Communication, Willingness to Learn, Adaptability, Curiosity, Teamwork, Analytical Thinking, Responsibility"
Nordic AI Studio ApS,ML/AI,ML/AI,Technology,Copenhagen,Capital Region,"Python, Scikit-learn, Model Deployment, ML Pipelines, Feature Engineering, Docker",Full-time,Hybrid,2,Master's Degree,Advanced,Danish not required,55000,65000,Mid Level,"Critical Thinking, Research Mindset, Problem Solving, Analytical Thinking, Collaboration, Curiosity, Adaptability, Communication, Attention to Detail, Continuous Learning, Ownership, Business Understanding"
Odense DataWorks ApS,Senior Data Engineer,Data Engineer,Technology,Odense,Southern Denmark,"Apache Spark, Kafka, Python, SQL, Data Architecture, Airflow, Kubernetes, Terraform, AWS, Azure, Data Warehousing, Distributed Systems, Docker, CI/CD Pipelines, Linux, ETL Pipeline Design, Git",Full-time,On-site,6,Master's Degree,Fluent,Basic,62000,72000,Senior Level,"Leadership, Ownership, Stakeholder Communication, Mentoring, Cross-team Collaboration, Strategic Thinking, Problem Solving, Decision Making, System Design Thinking, Critical Thinking, Business Understanding, Communication, Project Management, Adaptability, Team Leadership"
Cloud Design ApS,Product Analyst,Data Analyst,Technology,Aalborg,North Denmark,"SQL, Excel, Power BI, Product Analytics, Data Visualization, A/B Testing, Python, KPI Analysis, Business Understanding, Tableau, Data Storytelling, Google Analytics",Full-time,On-site,4,Bachelor's Degree,Advanced,Basic,55000,65000,Senior Level,"Communication, Analytical Thinking, Problem Solving, Business Understanding, Critical Thinking, Stakeholder Collaboration, Curiosity, Attention to Detail, Data Storytelling, Adaptability, Presentation Skills, Teamwork, Decision Making"
Copenhagen Solutions ApS,UX/UI Designer,UX,Consulting,Copenhagen,Capital Region,"Figma, Adobe XD, Wireframing, Prototyping, User Research, Interaction Design, Usability Testing, Design Systems, business analysis, reporting",Full-time,Hybrid,2,Master's Degree,Advanced,Intermediate,48000,58000,Mid Level,"Creativity, Communication, Empathy, Collaboration, Problem Solving, User-Centered Thinking, Attention to Detail, Critical Thinking, Adaptability, Presentation Skills, Teamwork, Visual Thinking, Stakeholder Communication"
Baltic DataWorks ApS,Junior Reporting Analyst,Data Analyst,Technology,Aarhus,Central Denmark,"Excel, SQL Basics, Power BI, Data Cleaning, Google Sheets, Data Visualization, Basic Reporting, Pivot Tables, Communication, KPI Reporting",Full-time,Hybrid,1,Bachelor's Degree,Intermediate,Intermediate,35000,45000,Entry Level,"Attention to Detail, Communication, Analytical Thinking, Collaboration, Problem Solving, Willingness to Learn, Teamwork, Adaptability, Responsibility, Curiosity"
Data Energy ApS,Junior Product Analyst,Data Analyst,Energy,Copenhagen,Capital Region,"Power BI, Excel, A/B Testing, SQL, Data Visualization, KPI Analysis, Experimentation, Data Analysis, Python, energy systems analysis, sustainability analysis, data modeling, forecasting",Full-time,Remote,1,Bachelor's Degree,Intermediate,Danish not required,35000,45000,Entry Level,"Curiosity, Communication, Analytical Thinking, Collaboration, Problem Solving, Attention to Detail, Teamwork, Willingness to Learn, Adaptability, Critical Thinking"
Data AI Studio ApS,Reporting Analyst,Data Analyst,Technology,Esbjerg,Southern Denmark,"SQL, Excel, Power BI, Data Visualization, Reporting Tools, KPI Reporting, Data Cleaning, Tableau, Business Reporting, DAX, Google Sheets",Full-time,Hybrid,4,Master's Degree,Intermediate,Intermediate,55000,65000,Senior Level,"Analytical Thinking, Attention to Detail, Stakeholder Collaboration, Communication, Data Storytelling, Problem Solving, Business Understanding, Critical Thinking, Adaptability, Presentation Skills, Collaboration, Responsibility"
Zealand Tech ApS,ML/AI,ML/AI,Technology,Odense,Southern Denmark,"Python, TensorFlow, PyTorch, Scikit-learn, SQL, Pandas, Feature Engineering, Model Training, Data Preprocessing, Machine Learning Algorithms, Docker, Git",Full-time,Hybrid,3,Master's Degree,Fluent,Danish not required,55000,65000,Mid Level,"Research Mindset, Analytical Thinking, Problem Solving, Critical Thinking, Collaboration, Curiosity, Communication, Attention to Detail, Adaptability, Continuous Learning, Ownership, Business Understanding"
Harbor DataWorks ApS,BI Analyst,BI,Technology,Odense,Southern Denmark,"Power BI, SQL, Reporting, Data Analysis, Business Intelligence, Python, Excel, Tableau, Supply Chain Analysis, Logistics KPIs, Inventory Analysis",Full-time,Remote,2,Bachelor's Degree,Intermediate,Intermediate,48000,58000,Mid Level,"Business Understanding, Data Storytelling, Analytical Thinking, Stakeholder Communication, Problem Solving, Attention to Detail, Collaboration, Critical Thinking, Communication, Decision Making, Adaptability, Presentation Skills"
Cloud Foods ApS,Junior Data Analyst,Data Analyst,Retail,Copenhagen,Capital Region,"Power BI, Data Cleaning, Data Visualization, Business Intelligence, Excel, SQL, Dashboard Development, Python, KPI Analysis, Sales Analysis, Customer Insights, POS Systems, Demand Planning",Full-time,On-site,1,Bachelor's Degree,Intermediate,Intermediate,35000,45000,Entry Level,"Analytical Thinking, Curiosity, Attention to Detail, Communication, Problem Solving, Teamwork, Adaptability, Collaboration, Willingness to Learn, Critical Thinking"
Blue Services ApS,Senior AI/ML Engineer,ML/AI,Consulting,Copenhagen,Capital Region,"Python, TensorFlow, PyTorch, NLP, Computer Vision, MLOps, Model Deployment, ML Pipelines, SQL, Data Modeling, Data Analysis, Feature Engineering, Stakeholder Management, Reporting, Business Analysis, Service Analytics, Customer Insights, Process Optimization",Full-time,Remote,5,Bachelor's Degree,Advanced,Intermediate,65000,75000,Senior Level,"Leadership, Strategic Thinking, System Design Thinking, Mentoring, Ownership, Stakeholder Communication, Decision Making, Critical Thinking, Cross-team Collaboration, Problem Solving, Business Understanding, Communication, Adaptability, Project Leadership"
Nordic AI Studio ApS,UX/UI Designer,UX,Technology,Copenhagen,Capital Region,"Figma, Adobe XD, Wireframing, Prototyping, User Research, Interaction Design, Usability Testing, Design Systems, UX Design, UI Design, Information Architecture, User Flows, AI Product Design, Human-Centered Design, Usability Optimization",Full-time,Hybrid,3,Master's Degree,Intermediate,Intermediate,48000,58000,Mid Level,"Creativity, Communication, Empathy, Collaboration, Problem Solving, User-Centered Thinking, Attention to Detail, Critical Thinking, Adaptability, Presentation Skills, Teamwork, Visual Thinking, Stakeholder Communicatio"
Digital Systems ApS,Junior AI/ML Engineer,ML/AI,Technology,Copenhagen,Capital Region,"Python, TensorFlow, Computer Vision, Deep Learning, Basic MLOps, Model Deployment, ML Pipelines, Feature Engineering, SQL, Data Modeling, Data Analysis, Data Preprocessing, AI Solutions Development",Full-time,On-site,1,Bachelor's Degree,Intermediate,Basic,42000,52000,Entry Level,"Communication, Problem Solving, Analytical Thinking, Curiosity, Willingness to Learn, Teamwork, Adaptability, Attention to Detail, Collaboration, Critical Thinking"
Nordi Mobility ApS,Product Analyst,Data Analyst,Other,Aalborg,North Denmark,"SQL, Excel, Data Analysis, Data Visualization, KPI Analysis, Tableau, Power BI, A/B Testing, Experimentation, Python, Product Analytics, Dashboard Development, User Behavior Analysis, Mobility Analytics, Customer Journey Analysis",Full-time,Remote,2,Bachelor's Degree,Fluent,Danish not required,45000,55000,Mid Level,"Communication, Analytical Thinking, Problem Solving, Business Understanding, Critical Thinking, Stakeholder Collaboration, Curiosity, Attention to Detail, Data Storytelling, Adaptability, Presentation Skills, Teamwork, Decision Making"
Blue Services ApS,Data Engineer,Data Engineer,Consulting,Copenhagen,Capital Region,"Docker, AWS, SQL, Python, Apache Spark, Airflow, Kubernetes, ETL Pipelines, Linux, Terraform, Data Warehousing, CI/CD Pipelines",Part-time,Hybrid,2,Master's Degree,Advanced,Basic,50000,62000,Mid Level,"Problem Solving, Communication, Analytical Thinking, Collaboration, Critical Thinking, Adaptability, Ownership, Attention to Detail, Stakeholder Communication, Teamwork, Business Understanding, Continuous Learning"
Jutland Finance ApS,Data Analyst,Data Analyst,Finance,Aarhus,Central Denmark,"SQL, Excel, Advanced Excel, Data Analysis, Data Cleaning, Data Visualization, KPI Analysis, Dashboard Development, Power BI, Python, Statistics, Financial Analysis, Financial Modeling, Risk Assessment, Regulatory Reporting, Reporting, Business Performance Analysis",Full-time,Hybrid,4,Bachelor's Degree,Advanced,Intermediate,55000,65000,Senior Level,"Communication, Analytical Thinking, Problem Solving, Attention to Detail, Critical Thinking, Data Storytelling, Business Understanding, Collaboration, Adaptability, Stakeholder Communication, Teamwork, Curiosity"
Odense DataWorks ApS,Junior Data Analyst,Data Analyst,Technology,Odense,Southern Denmark,"SQL, Excel, Data Cleaning, Data Visualization, KPI Analysis, Dashboard Development, Power BI, Tableau, Basic Data Analysis, Business Intelligence, Reporting, Learning Ability, Data Interpretation",Full-time,Hybrid,2,Master's Degree,Advanced,Basic,45000,55000,Mid Level,"Communication, Analytical Thinking, Attention to Detail, Problem Solving, Curiosity, Teamwork, Willingness to Learn, Adaptability, Collaboration, Critical Thinking"
Cloud Foods ApS,Reporting Analyst,Data Analyst,Retail,Copenhagen,Capital Region,"SQL, Excel, Advanced Excel, Power BI, Reporting, Dashboard Development, Data Analysis, Data Visualization, KPI Reporting, Python, Sales Analysis, Customer Insights, POS Systems, Demand Forecasting, Retail Analytics, Business Reporting",Full-time,Remote,2,Bachelor's Degree,Advanced,Danish not required,45000,55000,Mid Level,"Communication, Analytical Thinking, Attention to Detail, Problem Solving, Stakeholder Collaboration, Business Understanding, Critical Thinking, Adaptability, Responsibility, Data Storytelling, Teamwork, Time Management"
Scandi Finance ApS,Junior Data Analyst,Data Analyst,Finance,Odense,Southern Denmark,"SQL, Excel, Advanced Excel, Data Cleaning, Data Visualization, KPI Analysis, Dashboard Development, Power BI, Basic Python, Data Analysis, Business Intelligence, Financial Analysis, Financial Modeling, Risk Assessment, Regulatory Reporting, Reporting, Finance Analytics",Internship,Hybrid,0,Bachelor's Degree,Intermediate,Intermediate,35000,45000,Entry Level,"Communication, Analytical Thinking, Attention to Detail, Problem Solving, Curiosity, Teamwork, Willingness to Learn, Adaptability, Collaboration, Critical Thinking"
Digital Systems ApS,UX/UI Designer,UX,Technology,Copenhagen,Capital Region,"Figma, Adobe XD, Wireframing, Prototyping, User Research, Interaction Design, Usability Testing, Design Systems, UX Design, UI Design, Information Architecture, User Flows, Digital Product Design, System Design, Usability Optimization",Full-time,Hybrid,4,Master's Degree,Intermediate,Danish not required,58000,68000,Senior Level,"Creativity, Communication, Empathy, Collaboration, Problem Solving, User-Centered Thinking, Attention to Detail, Critical Thinking, Adaptability, Presentation Skills, Teamwork, Visual Thinking, Stakeholder Communication"
Cloud Analytics ApS,Junior Data Analyst,Data Analyst,Technology,Copenhagen,Capital Region,"SQL, Excel, Data Cleaning, Data Visualization, KPI Analysis, Dashboard Development, Power BI, Basic Python, Statistics, Data Analysis, Business Intelligence, Reporting, Data Interpretation, Analytics Support",Part-time,Remote,1,Master's Degree,Intermediate,Intermediate,35000,45000,Entry Level,"Communication, Analytical Thinking, Attention to Detail, Problem Solving, Curiosity, Teamwork, Willingness to Learn, Adaptability, Collaboration, Critical Thinkin"
Viking Analytics A/S,Product Analyst,Data Analyst,Technology,Copenhagen,Capital Region,"SQL, Excel, Data Analysis, Data Visualization, KPI Analysis, Tableau, Power BI, A/B Testing, Experimentation, Product Analytics, Dashboard Development, User Behavior Analysis, Customer Insights, Business Performance Analysis",Full-time,On-site,3,Bachelor's Degree,Fluent,Danish not required,45000,55000,Mid Level,"Communication, Analytical Thinking, Problem Solving, Business Understanding, Critical Thinking, Stakeholder Collaboration, Curiosity, Attention to Detail, Data Storytelling, Adaptability, Presentation Skills, Teamwork, Decision Making"
Odense DataWorks ApS,Junior Data Engineer Intern,Data Engineer,Technology,Odense,Southern Denmark,"SQL, Python Basics, Linux, Git, Data Cleaning, Excel, Bash Scripting, Docker Basics, Data Pipeline Basics, Cloud Basics",Internship,On-site,0,Bachelor's Degree,Intermediate,Basic,40000,50000,Entry Level,"Communication, Problem Solving, Willingness to Learn, Teamwork, Adaptability, Attention to Detail, Curiosity, Analytical Thinking, Responsibility, Collaboration"
Nordic AI Studio ApS,UX/UI Designer,UX,Technology,Copenhagen,Capital Region,"Figma, Adobe XD, Wireframing, Prototyping, User Research, Interaction Design, Usability Testing, Design Systems, UX Design, UI Design, Information Architecture, User Flows, AI Product Design, Human-Centered Design, Usability Optimization",Full-time,On-site,3,Bachelor's Degree,Intermediate,Basic,48000,58000,Mid Level,"Creativity, Communication, Empathy, Collaboration, Problem Solving, User-Centered Thinking, Attention to Detail, Critical Thinking, Adaptability, Presentation Skills, Teamwork, Visual Thinking, Stakeholder Communication"
Future Design ApS,Data Engineer,Data Engineer,Technology,Aarhus,Central Denmark,"Python, SQL, Apache Spark, Airflow, AWS, Docker, Kubernetes, Data Warehousing, ETL Pipelines, Terraform, Linux, CI/CD Pipelines, Git",Full-time,On-site,3,Bachelor's Degree,Advanced,Basic,50000,62000,Mid Level,"Problem Solving, Communication, Analytical Thinking, Collaboration, Critical Thinking, Adaptability, Ownership, Attention to Detail, Stakeholder Communication, Teamwork, Business Understanding, Continuous Learning"
Cloud Analytics ApS,Data Analyst,Data Analyst,Technology,Copenhagen,Capital Region,"SQL, Excel, Data Cleaning, Data Analysis, Data Visualization, KPI Analysis, Dashboard Development, Power BI, Tableau, Python, Statistics, Business Intelligence, Reporting, Data Interpretation, Analytics Support",Full-time,Hybrid,4,Bachelor's Degree,Advanced,Basic,55000,65000,Senior Level,"Analytical Thinking, Communication, Problem Solving, Business Understanding, Data Storytelling, Stakeholder Collaboration, Critical Thinking, Attention to Detail, Collaboration, Adaptability, Curiosity, Decision Making"
Viking Services ApS,Junior AI/ML Engineer,ML/AI,Consulting,Copenhagen,Capital Region,"Python, TensorFlow, Basic Deep Learning, Data Preprocessing, Feature Engineering, SQL, Data Analysis",Full-time,On-site,1,Bachelor's Degree,Intermediate,Basic,42000,52000,Entry Level,"Analytical Thinking, Problem Solving, Curiosity, Willingness to Learn, Critical Thinking, Attention to Detail, Communication, Collaboration, Adaptability, Research Mindset, Teamwork, Persistence"
Digital AI Studio ApS,Senior Reporting Analyst,Data Analyst,Technology,Odense,Southern Denmark,"SQL, Advanced Excel, Power BI, Tableau, Reporting, Dashboard Development, Data Analysis, Data Visualization, KPI Reporting, Python, Business Intelligence, Data Modeling, Performance Analysis, Reporting Automation",Full-time,Remote,4,Master's Degree,Fluent,Basic,55000,65000,Senior Level,"Stakeholder Communication, Leadership, Data Storytelling, Business Understanding, Decision Making, Critical Thinking, Ownership, Mentoring, Problem Solving, Cross-team Collaboration, Strategic Thinking, Attention to Detail, Presentation Skills"
Viking Analytics A/S,Data Engineer,Data Engineer,Technology,Copenhagen,Capital Region,"SQL, Python, Apache Spark, Airflow, AWS, Docker, Git, Kubernetes, ETL Pipelines, Data Warehousing, Terraform, Linux, CI/CD Pipelines",Full-time,Hybrid,4,Master's Degree,Intermediate,Basic,62000,72000,Senior Level,"Problem Solving, Analytical Thinking, Attention to Detail, Collaboration, Communication, Ownership, Adaptability, Critical Thinking, Stakeholder Collaboration, Continuous Learning, Reliability Mindset, Teamwork"
Data Retail ApS,AI/ML Engineer,ML/AI,Retail,Odense,Southern Denmark,"Python, SQL, Scikit-learn, TensorFlow, PyTorch, Pandas, Feature Engineering, Model Training, Data Preprocessing, Docker, Git, Machine Learning Algorithms",Full-time,Remote,2,Bachelor's Degree,Advanced,Intermediate,55000,65000,Mid Level,"Analytical Thinking, Problem Solving, Critical Thinking, Research Mindset, Curiosity, Communication, Collaboration, Adaptability, Attention to Detail, Business Understanding, Continuous Learning, Ownership"
Clever Tech ApS,Senior AI/ML Engineer,ML/AI,Technology,Aarhus,Central Denmark,"Python, TensorFlow, PyTorch, Deep Learning, NLP, Computer Vision, MLOps, Model Deployment, ML Pipelines, Feature Engineering, Data Modeling, Data Pipelines, ETL, SQL, Data Analysis, Distributed Systems, Scalability, Performance Optimization, System Design, Stakeholder Management, Technical Leadership",Part-time,Remote,6,Master's Degree,Advanced,Basic,65000,75000,Senior Level,"Leadership, Strategic Thinking, System Design Thinking, Research Leadership, Decision Making, Mentoring, Ownership, Critical Thinking, Stakeholder Communication, Cross-team Collaboration, Business Understanding, Problem Solving, Innovation Mindset, Project Leadership"
Copenhagen Retail ApS,Senior AI/ML Engineer,ML/AI,Retail,Copenhagen,Capital Region,"Python, TensorFlow, PyTorch, Deep Learning, NLP, Computer Vision, MLOps, Model Deployment, ML Pipelines, Feature Engineering, Data Modeling, Data Pipelines, ETL, SQL, Data Analysis, Distributed Systems, Scalability, Performance Optimization, System Design, Stakeholder Management, Technical Leadership, Customer Insights, Demand Forecasting, Retail Analytics",Part-time,Remote,5,Master's Degree,Advanced,Basic,65000,75000,Senior Level,"Leadership, Strategic Thinking, System Design Thinking, Research Leadership, Decision Making, Mentoring, Ownership, Critical Thinking, Stakeholder Communication, Cross-team Collaboration, Business Understanding, Problem Solving, Innovation Mindset, Project Leadership"
Dansk Systems ApS,Junior Data Engineer Intern,Data Engineer,Technology,Odense,Southern Denmark,"Excel, SQL Basics, Git, Python Basics, Data Cleaning, Linux Basics, Bash Scripting, Docker Basics, Data Pipeline Basics, Cloud Basics",Internship,On-site,0,Bachelor's Degree,Intermediate,Danish not required,40000,50000,Entry Level,"Problem Solving, Willingness to Learn, Attention to Detail, Curiosity, Collaboration, Communication, Adaptability, Analytical Thinking, Teamwork, Reliability Mindset, Persistence, Responsibility"
Cloud Design ApS,BI Analyst,BI,Technology,Aalborg,North Denmark,"SQL, Tableau, Reporting, Dashboard Development, Data Analysis, Data Visualization, Business Intelligence, Excel, Python, KPI Reporting, Reporting Automation",Full-time,On-site,2,Bachelor's Degree,Intermediate,Basic,48000,58000,Mid Level,"Analytical Thinking, Data Storytelling, Business Understanding, Stakeholder Communication, Problem Solving, Attention to Detail, Critical Thinking, Collaboration, Communication, Decision Making, Adaptability, Presentation Skills"
Green Design ApS,UX/UI Designer,UX,Other,Copenhagen,Capital Region,"Figma, Adobe XD, Wireframing, Prototyping, User Research, Interaction Design, Usability Testing, Design Systems, UX Design, UI Design, Information Architecture, User Flows, Usability Optimization",Part-time,Remote,4,Master's Degree,Intermediate,Basic,58000,68000,Senior Level,"Creativity, Empathy, User-Centered Thinking, Communication, Collaboration, Problem Solving, Attention to Detail, Critical Thinking, Visual Thinking, Adaptability, Stakeholder Communication, Presentation Skills"
Odense DataWorks ApS,Data Engineer,Data Engineer,Technology,Odense,Southern Denmark,"Docker, SQL, Kubernetes, AWS, Python, Airflow, Linux, ETL Pipelines, Terraform, Apache Spark, CI/CD Pipelines, Data Warehousing, Git",Part-time,On-site,4,Master's Degree,Intermediate,Danish not required,62000,72000,Senior Level,"Problem Solving, Analytical Thinking, Attention to Detail, Ownership, Collaboration, Communication, Reliability Mindset, Critical Thinking, Adaptability, Stakeholder Collaboration, Continuous Learning, Responsibility"
Odense Labs ApS,Junior Data Analyst,Data Analyst,Technology,Odense,Southern Denmark,"SQL, Excel, Data Cleaning, Data Visualization, KPI Analysis, Dashboard Development, Power BI, Basic Python, Data Analysis",Part-time,Remote,0,Master's Degree,Intermediate,Intermediate,35000,45000,Entry Level,"Curiosity, Communication, Analytical Thinking, Teamwork, Attention to Detail, Problem Solving, Adaptability, Collaboration, Willingness to Learn, Critical Thinking"
Data AI Studio ApS,Senior Reporting Analyst,Data Analyst,Technology,Esbjerg,Southern Denmark,"SQL, Advanced Excel, Power BI, Tableau, Reporting, Dashboard Development, Data Analysis, Data Visualization, KPI Reporting, Python, Business Intelligence, Data Modeling, Reporting Automation, Performance Analysis, System Optimization",Part-time,Hybrid,5,Bachelor's Degree,Advanced,Intermediate,55000,65000,Senior Level,"Business Understanding, Leadership, Stakeholder Communication, Data Storytelling, Ownership, Critical Thinking, Cross-team Collaboration, Presentation Skills, Strategic Thinking, Problem Solving, Mentoring, Decision Making, Attention to Detail"
Scandi Tech ApS,AI/ML Engineer,ML/AI,Technology,Esbjerg,Southern Denmark,"Python, TensorFlow, PyTorch, SQL, Scikit-learn, Pandas, Feature Engineering, Model Training, Data Preprocessing, Machine Learning Algorithms, Docker, Git",Part-time,Remote,3,Bachelor's Degree,Advanced,Intermediate,55000,65000,Mid Level,"Critical Thinking, Collaboration, Research Mindset, Problem Solving, Analytical Thinking, Adaptability, Curiosity, Communication, Attention to Detail, Continuous Learning, Business Understanding, Ownership"
Harbor Analytics ApS,Junior Data Analyst,Data Analyst,Technology,Aalborg,North Denmark,"SQL, Excel, Data Cleaning, Data Visualization, KPI Analysis, Dashboard Development, Power BI, Basic Python, Data Analysis",Full-time,Hybrid,1,Bachelor's Degree,Advanced,Intermediate,35000,45000,Entry Level,"Attention to Detail, Curiosity, Communication, Problem Solving, Teamwork, Analytical Thinking, Adaptability, Willingness to Learn, Collaboration, Critical Thinking"
Nordic Tech ApS,ML/AI,ML/AI,Technology,Odense,Southern Denmark,"Python, Scikit-learn, Machine Learning, Model Deployment, ML Pipelines, Feature Engineering, Docker, SQL, Data Analysis, MLOps, Data Pipelines",Full-time,On-site,2,PhD,Fluent,Danish not required,55000,65000,Mid Level,"Problem Solving, Research Mindset, Critical Thinking, Collaboration, Analytical Thinking, Curiosity, Adaptability, Communication, Continuous Learning, Attention to Detail, Ownership, Business Understanding"
Viking Analytics A/S,Junior Data Engineer Intern,Data Engineer,Technology,Copenhagen,Capital Region,"SQL Basics, Python Basics, Git, Excel, Data Cleaning, Linux Basics, Bash Scripting, Docker Basics, Cloud Basics, Data Pipeline Basics",Internship,On-site,0,Bachelor's Degree,Intermediate,Danish not required,40000,50000,Entry Level,"Attention to Detail, Collaboration, Problem Solving, Curiosity, Communication, Reliability Mindset, Willingness to Learn, Adaptability, Teamwork, Analytical Thinking, Responsibility, Persistence"
Aarhus Software ApS,Junior Data Engineer Intern,Data Engineer,Technology,Aarhus,Central Denmark,"Python Basics, SQL Basics, Git, Data Cleaning, Excel, Linux Basics, Bash Scripting, Docker Basics, Cloud Basics, Data Pipeline Basics",Internship,Hybrid,0,Bachelor's Degree,Intermediate,Danish not required,40000,50000,Entry Level,"Collaboration, Problem Solving, Attention to Detail, Willingness to Learn, Communication, Curiosity, Teamwork, Adaptability, Analytical Thinking, Responsibility"
Copenhagen Solutions ApS,Data Analyst,Data Analyst,Consulting,Copenhagen,Capital Region,"SQL, Power BI, Tableau, Excel, Python, Statistics, Data Analysis, Data Visualization, Data Cleaning, Business Intelligence, KPI Analysis, Dashboard Development",Full-time,Remote,4,Master's Degree,Advanced,Basic,55000,65000,Senior Level,"Analytical Thinking, Communication, Problem Solving, Attention to Detail, Data Storytelling, Collaboration, Critical Thinking, Business Understanding, Adaptability, Stakeholder Communication, Curiosity, Decision Making"
Baltic Systems ApS,Reporting Analyst,Data Analyst,Technology,Copenhagen,Capital Region,"SQL, Excel, Power BI, Tableau, Reporting, Dashboards, Data Analysis, Data Visualization, Python, KPI Reporting",Part-time,Hybrid,3,Master's Degree,Intermediate,Basic,45000,55000,Mid Level,"Attention to Detail, Data Storytelling, Communication, Problem Solving, Analytical Thinking, Stakeholder Collaboration, Business Understanding, Critical Thinking, Adaptability, Collaboration, Presentation Skills, Responsibility"
Blue Tech ApS,Junior UX/UI Designer,UX,Technology,Copenhagen,Capital Region,"Figma, Adobe XD, Wireframing, Prototyping, User Research, UX Design, Interaction Design, Usability Testing, Design Systems, Basic Design Principles",Full-time,Remote,1,Master's Degree,Advanced,Intermediate,38000,48000,Entry Level,"Creativity, Empathy, Communication, Collaboration, User-Centered Thinking, Attention to Detail, Curiosity, Adaptability, Teamwork, Willingness to Learn, Problem Solving, Visual Thinking"
Danish Logistics ApS,ML/AI,ML/AI,Other,Copenhagen,Capital Region,"Python, Scikit-learn, Machine Learning, Model Deployment, ML Pipelines, Feature Engineering, Docker, SQL, Data Analysis, Data Pipelines, MLOps, Demand Forecasting, Supply Chain Analytics",Full-time,Hybrid,2,Master's Degree,Fluent,Intermediate,55000,65000,Mid Level,"Research Mindset, Problem Solving, Analytical Thinking, Critical Thinking, Collaboration, Curiosity, Communication, Adaptability, Attention to Detail, Continuous Learning, Ownership, Business Understanding"
Aarhus Energy A/S,Reporting Analyst,Data Analyst,Energy,Aarhus,Central Denmark,"SQL, Excel, Power BI, Tableau, Reporting, Dashboards, Data Analysis, Data Visualization, Python, KPI Reporting, Data Modeling, Forecasting, Energy Data Analysis, Sustainability Analytics",Full-time,On-site,4,Bachelor's Degree,Advanced,Danish not required,55000,65000,Senior Level,"Data Storytelling, Attention to Detail, Analytical Thinking, Communication, Stakeholder Collaboration, Problem Solving, Business Understanding, Critical Thinking, Collaboration, Adaptability, Presentation Skills, Responsibility"
FLEXECHARGE,Junior DevOps Engineer,DevOps,Technology,Copenhagen,Capital Region,"Linux, Docker, Git, CI/CD Basics, Bash Scripting, Jenkins, Kubernetes Basics, Monitoring Tools, AWS Basics, Networking Fundamentals",Full-time,Hybrid,1,Bachelor's Degree,Intermediate,Danish not required,42000,52000,Entry Level,"Problem Solving, Willingness to Learn, Collaboration, Adaptability, Communication, Attention to Detail, Teamwork, Curiosity, Responsibility, Analytical Thinking"
Spirii,Cloud Engineer,DevOps,Energy,Copenhagen,Capital Region,"AWS, Terraform, Linux, Docker, Kubernetes, Cloud Networking, Azure, Infrastructure as Code, Monitoring Tools, CI/CD, Scripting, Cloud Security",Full-time,Hybrid,4,Bachelor's Degree,Advanced,Danish not required,65000,75000,Senior Level,"Problem Solving, Adaptability, Collaboration, Communication, Analytical Thinking, Ownership, Critical Thinking, Reliability Mindset, Continuous Learning, Stakeholder Collaboration, Responsibility, Decision Making"
Queue-it,Senior Platform Engineer,DevOps,Technology,Copenhagen,Capital Region,"Kubernetes, Terraform, AWS, Platform Architecture, CI/CD Pipelines, Docker, Infrastructure as Code, Cloud Security, Monitoring & Observability, Linux, GitOps, Distributed Systems, Azure, Automation Frameworks",Full-time,Hybrid,5,Bachelor's Degree,Fluent,Danish not required,65000,75000,Senior Level,"Leadership, System Design Thinking, Ownership, Cross-team Collaboration, Strategic Thinking, Reliability Mindset, Mentoring, Decision Making, Stakeholder Communication, Problem Solving, Critical Thinking, Project Leadership, Adaptability, Communication"
UNIwise,DevOps Engineer,DevOps,Other,Aarhus,Central Denmark,"Docker, Kubernetes, Linux, CI/CD, Terraform, Jenkins, AWS, Git, Monitoring Tools, Bash Scripting, Ansible, Infrastructure as Code",Full-time,Hybrid,3,Bachelor's Degree,Advanced,Basic,55000,65000,Mid Level,"Problem Solving, Collaboration, Adaptability, Communication, Ownership, Critical Thinking, Reliability Mindset, Continuous Learning, Analytical Thinking, Stakeholder Collaboration, Responsibility, Decision Making"
Custimy.io,DevOps Engineer,DevOps,Technology,Copenhagen,Capital Region,"Kubernetes, Docker, CI/CD Pipelines, Linux, Terraform, Jenkins, AWS, Git, Monitoring & Logging, Bash Scripting, Infrastructure as Code, Ansible",Full-time,Hybrid,4,Bachelor's Degree,Advanced,Danish not required,65000,75000,Senior Level,"Collaboration, Problem Solving, Reliability Mindset, Adaptability, Communication, Ownership, Continuous Learning, Critical Thinking, Analytical Thinking, Responsibility, Stakeholder Collaboration, Decision Making"
Morningscore,Remote DevOps Engineer,DevOps,Technology,Odense,Southern Denmark,"Docker, Kubernetes, AWS, CI/CD Pipelines, Linux, Terraform, Git, Monitoring & Logging, Bash Scripting, Infrastructure as Code, Jenkins, Cloud Networking",Full-time,Remote,3,Bachelor's Degree,Advanced,Danish not required,55000,65000,Mid Level,"Communication, Self-Management, Collaboration, Problem Solving, Ownership, Adaptability, Reliability Mindset, Time Management, Critical Thinking, Accountability, Continuous Learning, Cross-team Collaboration"
DBtune,DevOps Engineer with Database Experience,DevOps,Technology,Copenhagen,Capital Region,"Docker, Kubernetes, PostgreSQL, CI/CD Pipelines, Linux, Terraform, Database Monitoring, AWS, Backup & Recovery, Bash Scripting, Jenkins, Infrastructure as Code",Full-time,Hybrid,5,Bachelor's Degree,Fluent,Danish not required,65000,75000,Senior Level,"Problem Solving, Collaboration, Attention to Detail, Reliability Mindset, Communication, Analytical Thinking, Ownership, Critical Thinking, Adaptability, Responsibility, Continuous Learning, Stakeholder Collaboration"
Assembly Voting,DevOps Engineer,DevOps,Technology,Copenhagen,Capital Region,"Docker, Kubernetes, Linux, Terraform, CI/CD Pipelines, AWS, Jenkins, Git, Monitoring & Logging, Bash Scripting, Infrastructure as Code, Ansible",Full-time,Hybrid,3,Bachelor's Degree,Advanced,Danish not required,55000,65000,Mid Level,"Problem Solving, Reliability Mindset, Collaboration, Communication, Adaptability, Ownership, Critical Thinking, Continuous Learning, Analytical Thinking, Responsibility, Stakeholder Collaboration, Decision Making"
Autoflows,Junior DevOps Engineer,DevOps,Other,Copenhagen,Capital Region,"Linux, Docker, Git, Bash Scripting, CI/CD Basics, Jenkins, Kubernetes Basics, Monitoring Tools, AWS Basics, Networking Fundamentals",Full-time,On-site,1,Bachelor's Degree,Advanced,Basic,42000,52000,Entry Level,"Collaboration, Problem Solving, Willingness to Learn, Adaptability, Communication, Teamwork, Curiosity, Attention to Detail, Responsibility, Analytical Thinking"
Cludo,DevOps Engineer,DevOps,Technology,Copenhagen,Capital Region,"Kubernetes, Docker, Linux, Terraform, CI/CD Pipelines, AWS, Jenkins, Git, Monitoring & Logging, Bash Scripting, Infrastructure as Code, Ansible",Full-time,Hybrid,3,Bachelor's Degree,Advanced,Danish not required,55000,65000,Mid Level,"Collaboration, Problem Solving, Willingness to Learn, Adaptability, Communication, Teamwork, Curiosity, Attention to Detail, Responsibility, Analytical Thinking"
BifrostConnect,Cloud DevOps Engineer,DevOps,Technology,Copenhagen,Capital Region,"AWS, Kubernetes, Terraform, Docker, CI/CD Pipelines, Linux, Jenkins, Infrastructure as Code, Git, Monitoring & Logging, Cloud Networking, Automation Scripts",Full-time,Hybrid,3,Bachelor's Degree,Advanced,Danish not required,55000,65000,Mid Level,"Problem Solving, Adaptability, Reliability Mindset, Collaboration, Communication, Ownership, Critical Thinking, Continuous Learning, Analytical Thinking, Responsibility, Stakeholder Collaboration, Decision Making"
Monthio,Cloud Engineer,DevOps,Finance,Copenhagen,Capital Region,"AWS, Azure, Terraform, Kubernetes, Docker, Cloud Networking, Linux, Infrastructure as Code, CI/CD Pipelines, Monitoring Tools, Cloud Security, Scripting",Full-time,Hybrid,2,Bachelor's Degree,Advanced,Danish not required,55000,65000,Mid Level,"Adaptability, Problem Solving, Reliability Mindset, Collaboration, Communication, Ownership, Analytical Thinking, Critical Thinking, Continuous Learning, Responsibility, Stakeholder Collaboration, Decision Making"
Shine / Ageras,Senior Cloud Platform Engineer,DevOps,Finance,Copenhagen,Capital Region,"AWS, Kubernetes, Platform Architecture, Terraform, Cloud Security, CI/CD Architecture, Infrastructure as Code, Docker, Monitoring & Observability, GitOps, Distributed Systems, Azure, Linux, Automation Frameworks",Full-time,Hybrid,4,Bachelor's Degree,Fluent,Danish not required,65000,75000,Senior Level,"System Design Thinking, Leadership, Reliability Mindset, Strategic Thinking, Ownership, Cross-team Collaboration, Decision Making, Mentoring, Problem Solving, Stakeholder Communication, Critical Thinking, Project Leadership, Adaptability, Communication"
Veo Technologies,Senior Platform Engineer,DevOps,Technology,Copenhagen,Capital Region,"Kubernetes, Platform Architecture, Terraform, AWS, CI/CD Architecture, Docker, GitOps, Infrastructure as Code, Monitoring & Observability, Linux, Distributed Systems, Cloud Security, Automation Frameworks, Azure",Full-time,Hybrid,6,Bachelor's Degree,Fluent,Danish not required,65000,75000,Senior Level,"Leadership, System Design Thinking, Ownership, Reliability Mindset, Strategic Thinking, Cross-team Collaboration, Mentoring, Problem Solving, Decision Making, Stakeholder Communication, Critical Thinking, Project Leadership, Adaptability, Communication"
Unik,DevOps Engineer,DevOps,Other,Vejle,Southern Denmark,"Docker, Kubernetes, Linux, Terraform, CI/CD Pipelines, AWS, Jenkins, Git, Monitoring & Logging, Infrastructure as Code, Bash Scripting, Ansible",Full-time,Hybrid,3,Bachelor's Degree,Advanced,Intermediate,55000,65000,Mid Level,"Reliability Mindset, Problem Solving, Collaboration, Adaptability, Communication, Ownership, Critical Thinking, Continuous Learning, Analytical Thinking, Responsibility, Stakeholder Collaboration, Decision Making"
TDC NET,Workload Lead - Kubernetes and Containerization,DevOps,Other,Copenhagen,Capital Region,"Kubernetes, Containerization, Platform Engineering, Docker, OpenShift, Helm, CI/CD Architecture, Cloud Infrastructure, GitOps, Terraform, Monitoring & Observability, Linux, Service Mesh, Distributed Systems",Full-time,Hybrid,4,Bachelor's Degree,Advanced,Intermediate,65000,75000,Senior Level,"Leadership, System Design Thinking, Cross-team Collaboration, Strategic Thinking, Reliability Mindset, Ownership, Mentoring, Problem Solving, Stakeholder Communication, Decision Making, Critical Thinking, Project Leadership, Adaptability, Communication"
Newcode.ai,Senior DevOps Engineer,DevOps,Technology,Copenhagen,Capital Region,"Kubernetes, Terraform, AWS, CI/CD Architecture, Docker, Infrastructure as Code, Cloud Security, Monitoring & Observability, GitOps, Linux, Jenkins, Distributed Systems, Automation Frameworks, Azure",Full-time,Hybrid,5,Bachelor's Degree,Fluent,Danish not required,65000,75000,Senior Level,"Leadership, Reliability Mindset, Strategic Thinking, Ownership, Cross-team Collaboration, Problem Solving, Mentoring, Decision Making, Stakeholder Communication, Critical Thinking, Adaptability, Project Leadership, Communication, System Design Thinking"
Netic,Cloud Implementation and Operations Consultant,DevOps,Consulting,Copenhagen,Capital Region,"AWS, Azure, Cloud Infrastructure, Linux, Terraform, Monitoring Tools, CI/CD Pipelines, Cloud Networking, Infrastructure as Code, Docker, Scripting, IT Operations",Full-time,Hybrid,3,Bachelor's Degree,Advanced,Intermediate,55000,65000,Mid Level,"Communication, Problem Solving, Stakeholder Collaboration, Adaptability, Business Understanding, Reliability Mindset, Analytical Thinking, Ownership, Critical Thinking, Collaboration, Continuous Learning, Presentation Skills"
BESTSELLER,DevOps Engineer,DevOps,Retail,Aarhus,Central Denmark,"Docker, Kubernetes, Terraform, Linux, CI/CD Pipelines, AWS, Jenkins, Git, Monitoring & Logging, Infrastructure as Code, Bash Scripting, Ansible",Full-time,Hybrid,3,Bachelor's Degree,Advanced,Danish not required,55000,65000,Mid Level,"Problem Solving, Collaboration, Reliability Mindset, Communication, Adaptability, Ownership, Critical Thinking, Continuous Learning, Analytical Thinking, Responsibility, Stakeholder Collaboration, Decision Making"
Trifork,Student Developer - Infrastructure,DevOps,Technology,Aarhus,Central Denmark,"Linux, Git, Python Basics, Docker Basics, Bash Scripting, Networking Fundamentals, CI/CD Basics, Cloud Basics, Monitoring Tools, SQL Basics",Part-time,Hybrid,0,Bachelor's Degree,Intermediate,Basic,42000,52000,Entry Level,"Willingness to Learn, Problem Solving, Collaboration, Curiosity, Adaptability, Communication, Teamwork, Attention to Detail, Responsibility, Analytical Thinking"
Danish Crown,Senior BI Developer,BI,Other,Randers,Central Denmark,"Power BI, Data Modeling, SQL, DAX, Data Warehousing, ETL Architecture, Azure Synapse, Dashboard Strategy, SSIS, Business Intelligence, Performance Optimization, Reporting Solutions, Cloud BI Platforms, Enterprise Analytics",Full-time,Hybrid,5,Bachelor's Degree,Advanced,Intermediate,58000,68000,Senior Level,"Leadership, Data Storytelling, Business Understanding, Stakeholder Communication, Ownership, Problem Solving, Mentoring, Critical Thinking, Cross-team Collaboration, Decision Making, Attention to Detail, Strategic Thinking, Presentation Skills, Communication"
DESMI A/S,Junior BI Analyst,BI,Other,Aalborg,North Denmark,"Power BI, Excel, SQL, Data Visualization, Dashboard Reporting, Data Cleaning, Google Sheets, Basic DAX, KPI Tracking, Business Intelligence",Full-time,Hybrid,1,Bachelor's Degree,Intermediate,Basic,38000,48000,Entry Level,"Analytical Thinking, Attention to Detail, Communication, Curiosity, Problem Solving, Collaboration, Willingness to Learn, Teamwork, Adaptability, Data Storytelling"
Proteams,Power BI Developer,BI,Technology,Copenhagen,Capital Region,"Power BI, DAX, SQL, Data Modeling, Dashboard Development, Power Query, Data Visualization, ETL Processes, Excel, Reporting Solutions, Business Intelligence, Performance Optimization",Full-time,Remote,4,Bachelor's Degree,Advanced,Danish not required,58000,68000,Senior Level,"Data Storytelling, Analytical Thinking, Problem Solving, Attention to Detail, Business Understanding, Communication, Stakeholder Collaboration, Critical Thinking, Collaboration, Adaptability, Presentation Skills, Ownership"
Tandem,Business Intelligence Consultant,BI,Consulting,Copenhagen,Capital Region,"Power BI, SQL, Data Modeling, Dashboard Development, ETL Processes, Data Visualization, DAX, Business Intelligence, Azure Data Factory, Reporting Solutions, Excel, KPI Analysis",Full-time,Hybrid,3,Bachelor's Degree,Advanced,Intermediate,48000,58000,Mid Level,"Business Understanding, Stakeholder Communication, Problem Solving, Data Storytelling, Communication, Analytical Thinking, Collaboration, Critical Thinking, Presentation Skills, Adaptability, Ownership, Decision Making"
Visma Plandisc,Business Intelligence Analyst,BI,Other,Aarhus,Central Denmark,"Power BI, SQL, Data Visualization, Excel, Dashboard Development, DAX, Data Modeling, Business Intelligence, KPI Reporting, Tableau, Data Analysis, Reporting Tools",Full-time,Hybrid,2,Bachelor's Degree,Advanced,Basic,48000,58000,Mid Level,"Analytical Thinking, Business Understanding, Data Storytelling, Communication, Problem Solving, Attention to Detail, Stakeholder Collaboration, Critical Thinking, Collaboration, Adaptability, Presentation Skills, Decision Making"
Flatpay,BI Analyst,BI,Finance,Herlev,Capital Region,"Power BI, SQL, Excel, Data Visualization, Dashboard Development, DAX, Data Modeling, KPI Reporting, Business Intelligence, Tableau, Reporting Tools, Data Analysis",Full-time,On-site,2,Bachelor's Degree,Advanced,Basic,48000,58000,Mid Level,"Business Understanding, Analytical Thinking, Data Storytelling, Problem Solving, Communication, Attention to Detail, Stakeholder Collaboration, Critical Thinking, Collaboration, Adaptability, Presentation Skills, Decision Making"
LogPoint,Student Assistant - Commercial Data Analyst Power BI,BI,Other,Copenhagen,Capital Region,"Power BI, Excel, SQL, Data Visualization, Dashboard Reporting, KPI Tracking, Data Cleaning, Google Sheets, Basic DAX, Reporting Tools",Part-time,Hybrid,0,Bachelor's Degree,Intermediate,Danish not required,38000,48000,Entry Level,"Communication, Analytical Thinking, Willingness to Learn, Attention to Detail, Collaboration, Curiosity, Problem Solving, Teamwork, Adaptability, Data Storytelling"
Adaptive Business Solutions,BI Specialist / Power BI Developer,BI,Consulting,Odense,Southern Denmark,"Power BI, DAX, SQL, Data Modeling, Dashboard Development, Power Query, Data Visualization, ETL Processes, KPI Reporting, Business Intelligence, Excel, Performance Optimization",Full-time,Hybrid,2,Bachelor's Degree,Advanced,Intermediate,48000,58000,Mid Level,"Data Storytelling, Business Understanding, Analytical Thinking, Problem Solving, Stakeholder Communication, Attention to Detail, Communication, Critical Thinking, Collaboration, Adaptability, Presentation Skills, Ownership"
Too Good To Go,Finance Analyst - BI and Automation,BI,Other,Copenhagen,Capital Region,"Power BI, Excel, SQL, Financial Reporting, Power Query, Data Visualization, Automation Tools, KPI Analysis, Dashboard Development, Business Intelligence, DAX, Process Automation",Full-time,Hybrid,2,Bachelor's Degree,Advanced,Danish not required,48000,58000,Mid Level,"Analytical Thinking, Business Understanding, Problem Solving, Attention to Detail, Data Storytelling, Communication, Stakeholder Collaboration, Critical Thinking, Adaptability, Collaboration, Decision Making, Process Improvement"
Pandora,RGM and Pricing Analyst,BI,Retail,Copenhagen,Capital Region,"Excel, SQL, Power BI, Pricing Analysis, Revenue Management, Data Visualization, Forecasting, KPI Analysis, Business Intelligence, Financial Modeling, Dashboard Development, Commercial Reporting",Full-time,Hybrid,3,Bachelor's Degree,Advanced,Danish not required,48000,58000,Mid Level,"Analytical Thinking, Business Understanding, Problem Solving, Attention to Detail, Critical Thinking, Communication, Stakeholder Collaboration, Decision Making, Data Storytelling, Adaptability, Collaboration, Commercial Mindset"
Saxo Bank,Student BI Analyst,BI,Finance,Copenhagen,Capital Region,"Power BI, Excel, SQL, Data Visualization, Dashboard Reporting, KPI Tracking, Data Cleaning, Google Sheets, Basic DAX, Reporting Tools",Part-time,Hybrid,0,Bachelor's Degree,Advanced,Danish not required,38000,48000,Entry Level,"Analytical Thinking, Willingness to Learn, Attention to Detail, Communication, Collaboration, Curiosity, Problem Solving, Teamwork, Adaptability, Data Storytelling"
Abacus Medicine,Commercial BI Analyst,BI,Other,Copenhagen,Capital Region,"Power BI, SQL, Excel, Data Visualization, Business Intelligence, Dashboard Development, Data Modeling, Commercial Reporting, DAX, Forecasting, Tableau, KPI Analysis",Full-time,Hybrid,2,Bachelor's Degree,Advanced,Basic,48000,58000,Mid Level,"Business Understanding, Analytical Thinking, Data Storytelling, Commercial Mindset, Problem Solving, Stakeholder Collaboration, Communication, Attention to Detail, Critical Thinking, Decision Making, Collaboration, Adaptability"
Tryg,Junior Analyst - Group Insights,BI,Other,Ballerup,Capital Region,"Excel, SQL, Power BI, Data Visualization, Google Sheets, Basic Statistics, Dashboard Reporting, Data Cleaning, Survey Analysis, Presentation Tools",Part-time,Hybrid,1,Bachelor's Degree,Intermediate,Intermediate,38000,48000,Entry Level,"Analytical Thinking, Curiosity, Communication, Attention to Detail, Collaboration, Problem Solving, Willingness to Learn, Teamwork, Adaptability, Critical Thinking"
VML MAP,BI Data Engineer,BI,Other,Copenhagen,Capital Region,"SQL, ETL Pipelines, Data Warehousing, Power BI, Python, Data Modeling, PostgreSQL, SSIS, Azure Data Factory, Apache Spark, Data Integration, Dashboard Optimization",Full-time,Hybrid,4,Bachelor's Degree,Advanced,Danish not required,58000,68000,Senior Level,"Problem Solving, Data Storytelling, Attention to Detail, Business Understanding, Communication, Collaboration, Critical Thinking, Stakeholder Collaboration, Adaptability, Analytical Thinking, Presentation Skills, Ownership"
IQVIA,Business Data Analyst,BI,Other,Copenhagen,Capital Region,"SQL, Power BI, Excel, Data Visualization, Business Analysis, Dashboard Development, Python, Statistical Analysis, Data Modeling, Tableau, Reporting Tools, Data Cleaning",Full-time,Remote,3,Bachelor's Degree,Advanced,Basic,48000,58000,Mid Level,"Business Understanding, Analytical Thinking, Problem Solving, Communication, Data Storytelling, Attention to Detail, Stakeholder Collaboration, Critical Thinking, Collaboration, Adaptability, Decision Making, Curiosity"
Solita,Data and BI Consultant,BI,Consulting,Aarhus,Central Denmark,"Power BI, SQL, Data Modeling, ETL Processes, Dashboard Development, Python, Business Intelligence, Data Visualization, Power Query, Azure Data Factory, Reporting Solutions, Excel",Full-time,Hybrid,4,Bachelor's Degree,Advanced,Intermediate,58000,68000,Senior Level,"Business Understanding, Stakeholder Communication, Problem Solving, Data Storytelling, Analytical Thinking, Communication, Collaboration, Critical Thinking, Presentation Skills, Adaptability, Ownership, Decision Making"
Systematic,Data Engineer,Data Engineer,Technology,Aarhus,Central Denmark,"Python, SQL, Apache Spark, ETL Pipelines, PostgreSQL, Docker, Data Warehousing, Apache Kafka, Airflow, Cloud Platforms, Data Modeling, Linux, Git",Full-time,Hybrid,3,Bachelor's Degree,Advanced,Basic,50000,62000,Mid Level,"Problem Solving, Analytical Thinking, Collaboration, Attention to Detail, Reliability Mindset, Communication, Ownership, Adaptability, Critical Thinking, Continuous Learning, Stakeholder Collaboration, Responsibility"
Bankdata,BI Developer,BI,Finance,Aarhus,Central Denmark,"Power BI, SQL, Data Modeling, DAX, Dashboard Development, ETL Processes, Power Query, Data Visualization, SSRS, Excel, Business Intelligence, Database Management",Full-time,Hybrid,3,Bachelor's Degree,Advanced,Intermediate,48000,58000,Mid Level,"Data Storytelling, Analytical Thinking, Problem Solving, Business Understanding, Attention to Detail, Stakeholder Communication, Communication, Critical Thinking, Collaboration, Adaptability, Presentation Skills, Ownership"
Delegate,Power BI Consultant,BI,Consulting,Aarhus,Central Denmark,"Power BI, DAX, SQL, Data Modeling, Dashboard Development, Power Query, Data Visualization, Excel, ETL Processes, Business Intelligence, Azure Data Factory, Reporting Solutions",Full-time,Hybrid,4,Bachelor's Degree,Advanced,Intermediate,58000,68000,Senior Level,"Stakeholder Communication, Data Storytelling, Business Understanding, Problem Solving, Communication, Analytical Thinking, Presentation Skills, Collaboration, Critical Thinking, Adaptability, Ownership, Decision Making"
Trifork,DevOps Engineer,DevOps,Technology,Aarhus,Central Denmark,"Docker, Kubernetes, CI/CD, Linux, Git, Jenkins, Terraform, AWS, Bash Scripting, Monitoring Tools, Ansible, Containerization",Full-time,Hybrid,3,Bachelor's Degree,Advanced,Basic,55000,65000,Mid Level,"Reliability Mindset, Problem Solving, Collaboration, Communication, Ownership, Adaptability, Critical Thinking, Continuous Learning, Analytical Thinking, Responsibility, Stakeholder Collaboration, Decision Making"
Mjølner Informatics,Cloud DevOps Engineer,DevOps,Technology,Aarhus,Central Denmark,"AWS, Kubernetes, Docker, Terraform, CI/CD, Linux, Jenkins, Monitoring Tools, Git, Azure, Bash Scripting, Infrastructure as Code",Full-time,Hybrid,4,Bachelor's Degree,Advanced,Intermediate,65000,75000,Senior Level,"Reliability Mindset, Problem Solving, Adaptability, Collaboration, Communication, Ownership, Critical Thinking, Continuous Learning, Analytical Thinking, Responsibility, Stakeholder Collaboration, Decision Making"
Vestas,Machine Learning Engineer,ML/AI,Energy,Aarhus,Central Denmark,"Python, Scikit-learn, TensorFlow, SQL, Pandas, PyTorch, Feature Engineering, Model Deployment, Data Preprocessing, ML Algorithms, Docker, Git",Full-time,Hybrid,3,Master's Degree,Advanced,Danish not required,55000,65000,Mid Level,"Problem Solving, Analytical Thinking, Critical Thinking, Research Mindset, Collaboration, Curiosity, Communication, Attention to Detail, Adaptability, Continuous Learning, Ownership, Business Understanding"
Lunar,Data Analyst,Data Analyst,Finance,Aarhus,Central Denmark,"SQL, Power BI, Python, Data Visualization, Excel, Pandas, Tableau, Data Cleaning, Business Analysis, Statistical Analysis, Dashboard Development, ETL Basics",Full-time,Hybrid,2,Bachelor's Degree,Advanced,Basic,45000,55000,Mid Level,"Analytical Thinking, Problem Solving, Communication, Attention to Detail, Data Storytelling, Business Understanding, Collaboration, Critical Thinking, Stakeholder Communication, Adaptability, Curiosity, Decision Making"
Kamstrup,Junior Data Analyst,Data Analyst,Energy,Aarhus,Central Denmark,"Excel, SQL, Power BI, Data Cleaning, Python, Pivot Tables, Data Visualization, Google Sheets, Basic Statistics, Pandas",Full-time,Hybrid,1,Bachelor's Degree,Intermediate,Basic,35000,45000,Entry Level,"Curiosity, Analytical Thinking, Attention to Detail, Communication, Problem Solving, Collaboration, Willingness to Learn, Teamwork, Adaptability, Critical Thinking"
